{
  "train_loss": [
    0.1245608590333526,
    0.07505930601748817,
    0.06814793718487612,
    0.06191480365308852,
    0.05906779392458403,
    0.0568719496615499,
    0.05401615603411239,
    0.0519909181754161,
    0.050778771676344536,
    0.049544193076647404,
    0.048788649338528556,
    0.048254392180017355,
    0.045932512224643424,
    0.04488356152889055,
    0.044065227963363596,
    0.04181679015443741,
    0.04110488464515732,
    0.039825345878074195,
    0.03722985336556448,
    0.03606024922259457
  ],
  "val_masked_mse": [
    0.0014616092666983604,
    0.0014373763697221875,
    0.0013769428478553891,
    0.0015379497781395912,
    0.0013831784017384052,
    0.0013673716457560658,
    0.0013689029728993773,
    0.0013692994834855199,
    0.0012936708517372608,
    0.0016498337499797344,
    0.0014555472880601883,
    0.0014085002476349473,
    0.0013433072017505765,
    0.001354358741082251,
    0.001707482966594398,
    0.0015656218165531754,
    0.0015191285638138652,
    0.0014991401694715023,
    0.0015401035780087113,
    0.001537679461762309
  ],
  "val_r2": [
    0.8517885208129883,
    0.8542457818984985,
    0.8603739738464355,
    0.8440473675727844,
    0.8597416877746582,
    0.8613445162773132,
    0.8611892461776733,
    0.86114901304245,
    0.8688179850578308,
    0.8327020406723022,
    0.8524032235145569,
    0.8571739196777344,
    0.8637847304344177,
    0.8626640439033508,
    0.8268561959266663,
    0.8412413597106934,
    0.8459559082984924,
    0.8479827642440796,
    0.8438289761543274,
    0.8440747857093811
  ],
  "best_epoch": 9
}