{
  "train_loss": [
    0.07810829649427303,
    0.043290112500602974,
    0.03944060144882028,
    0.03643354096908227,
    0.03289524466490694,
    0.03127200747565002,
    0.031208680541088364,
    0.029187462555617324,
    0.02892786284238607,
    0.02918133642230652,
    0.02715847098913552,
    0.026937025455435915,
    0.027417788586236176,
    0.0266627716508363,
    0.02645791482619372,
    0.027283714346165926,
    0.02814182348634634,
    0.0254401887418167,
    0.024742211220671325,
    0.024838961405057935
  ],
  "val_masked_mse": [
    0.0008867725846357644,
    0.0008559898124076426,
    0.0009101189789362252,
    0.0007560462690889835,
    0.0009685718105174601,
    0.0009468757780268788,
    0.0007675630622543395,
    0.0007171917823143303,
    0.0011007377179339528,
    0.0007096149493008852,
    0.0007827263907529414,
    0.0006713996990583837,
    0.0009060540469363332,
    0.0007022835779935122,
    0.0007467051618732512,
    0.0009640356292948127,
    0.0007136831409297884,
    0.0007154680788516998,
    0.0008165586623363197,
    0.0007133050239644945
  ],
  "val_r2": [
    0.9098736047744751,
    0.9130021929740906,
    0.9075008034706116,
    0.9231598377227783,
    0.9015600085258484,
    0.903765082359314,
    0.921989381313324,
    0.9271088242530823,
    0.8881274461746216,
    0.9278788566589355,
    0.9204482436180115,
    0.9317628741264343,
    0.9079139828681946,
    0.9286239743232727,
    0.9241092205047607,
    0.902021050453186,
    0.9274654388427734,
    0.9272840023040771,
    0.917009711265564,
    0.9275038242340088
  ],
  "best_epoch": 12
}